keyword,status,stage,intent,priority,last_generated,url,title,excerpt
web development hyderabad,published,MOFU,transactional,high,2025-08-11T12:22:06.703Z,/blogs/expert-web-development-solutions-in-hyderabad-for-2025-business-growth,Expert Web Development Solutions in Hyderabad for 2025 Business Growth,"Boost your Hyderabad business with our expert web development solutions. Drive growth, increase online presence, and stay ahead in 2025.
This meta description is under 160 characters, includes the primary keyword web development hyderabad, and highlights the benefits of using expert web development solutions for Hyderabad businesses."
seo services hyderabad,published,MOFU,transactional,high,2025-08-11T12:22:06.704Z,/blogs/unlock-2025-growth-expert-seo-services-in-hyderabad-for-small-businesses,Unlock 2025 Growth: Expert SEO Services in Hyderabad for Small Businesses,"Boost your Hyderabad business with expert SEO services - drive more traffic, sales & growth in 2025 with our tailored solutions."
digital marketing hyderabad,published,MOFU,transactional,high,2025-08-11T12:22:06.705Z,/blogs/unlock-proven-digital-marketing-strategies-in-hyderabad-for-2025-success,Unlock Proven Digital Marketing Strategies in Hyderabad for 2025 Success,"Boost your Hyderabad business with expert digital marketing strategies, driving 2025 growth and success in the city's competitive market."
website design cost hyderabad,published,BOFU,commercial,high,2025-08-11T12:22:06.703Z,/blogs/get-accurate-website-design-cost-estimates-in-hyderabad-for-2025,Get Accurate Website Design Cost Estimates in Hyderabad for 2025,"Get precise website design quotes in Hyderabad, saving you time & money in 2025 - Learn more now!"
mobile app development hyderabad,queued,MOFU,transactional,medium,,,Mobile App Development Hyderabad: iOS & Android Apps,"Custom mobile app development in Hyderabad. Native iOS, Android apps, and cross-platform solutions for businesses of all sizes."
ecommerce website development,queued,MOFU,transactional,medium,,,E-commerce Website Development: Build Your Online Store,"Professional e-commerce development services. Custom online stores, payment integration, inventory management, and mobile optimization."
react developer hyderabad,queued,TOFU,informational,medium,,,React Developer Jobs in Hyderabad: Skills & Opportunities 2025,"React development opportunities in Hyderabad. Required skills, salary ranges, top companies hiring, and career growth tips."
startup website development,queued,MOFU,transactional,medium,,,Startup Website Development: Launch Your Business Online,"Affordable website development for startups. MVP development, scalable architecture, and growth-focused web solutions."
wordpress vs custom development,queued,MOFU,comparison,low,,,WordPress vs Custom Development: Which is Right for Your Business?,"Compare WordPress and custom development. Pros, cons, costs, scalability, and which option suits your business needs best."
Top 10 tools to make your website 10X better,queued,TOFU,informational,high,,,Top 10 Tools To Make Your Website 10X Better - Bridge Software Solutions,Professional Top 10 tools to make your website 10X better services in Hyderabad. Expert solutions for growing businesses.
